Residue Name,Residue ID,Chain,Contact Type,Count
ARG,103,H5,Direct,27
GLY,102,H5,Direct,24
LYS,101,H5,Direct,23
GLU,104,H5,Direct,22
TRP,113,H5,Direct,21
LYS,111,H5,Direct,19
ALA,110,H5,Direct,18
ASP,100,H5,Direct,16
TYR,114,H5,Direct,13
ARG,109,H5,Direct,12
TYR,112,H5,Direct,11
ALA,108,H5,Direct,11
THR,106,H5,Direct,10
THR,32,H5,Direct,8
TYR,33,H5,Direct,8
GLN,1,H5,Direct,7
TRP,115,H5,Direct,7
SER,30,H5,Direct,7
SER,29,H5,Direct,6
ILE,31,H5,Direct,6
TYR,105,H5,Direct,5
VAL,2,H5,Direct,5
SER,54,H5,Direct,5
ARG,45,H5,Direct,3
SER,27,H5,Direct,3
THR,53,H5,Direct,3
SER,55,H5,Direct,3
ASN,74,H5,Direct,3
LEU,107,H5,Direct,3
GLN,39,H5,Direct,2
LYS,43,H5,Direct,2
SER,25,H5,Direct,2
GLY,26,H5,Direct,2
ILE,28,H5,Direct,2
GLU,44,H5,Direct,2
ALA,40,H5,Direct,1
PRO,41,H5,Direct,1
GLY,42,H5,Direct,1
LEU,93,H5,Direct,1
TYR,95,H5,Direct,1
GLY,116,H5,Direct,1
GLN,120,H5,Direct,1
SER,52,H5,Direct,1
THR,57,H5,Direct,1
ALA,99,H5,Direct,1
TYR,59,H5,Direct,1
GLY,56,H5,Direct,1
LEU,72,H5,Direct,1
ALA,99,H5,Near,26
ALA,98,H5,Near,23
TYR,105,H5,Near,21
TYR,33,H5,Near,19
PHE,37,H5,Near,18
THR,32,H5,Near,17
TRP,115,H5,Near,17
THR,106,H5,Near,16
ASP,100,H5,Near,16
TYR,112,H5,Near,16
ALA,97,H5,Near,15
ILE,31,H5,Near,13
TYR,114,H5,Near,13
GLN,3,H5,Near,12
LEU,4,H5,Near,12
LEU,107,H5,Near,12
SER,30,H5,Near,10
VAL,2,H5,Near,9
TYR,59,H5,Near,9
ALA,108,H5,Near,8
LEU,34,H5,Near,8
LYS,111,H5,Near,8
GLY,116,H5,Near,8
ARG,45,H5,Near,8
SER,27,H5,Near,7
GLU,44,H5,Near,7
GLU,46,H5,Near,7
ILE,28,H5,Near,7
GLY,47,H5,Near,7
ARG,109,H5,Near,7
GLN,1,H5,Near,7
ALA,50,H5,Near,7
ALA,24,H5,Near,6
THR,53,H5,Near,6
SER,25,H5,Near,6
GLY,26,H5,Near,5
GLU,104,H5,Near,5
SER,52,H5,Near,5
ASN,77,H5,Near,5
TRP,113,H5,Near,5
ALA,110,H5,Near,5
CYS,96,H5,Near,4
GLY,56,H5,Near,4
SER,29,H5,Near,4
GLN,39,H5,Near,4
LYS,101,H5,Near,3
GLN,117,H5,Near,3
SER,54,H5,Near,3
LEU,51,H5,Near,3
ASP,73,H5,Near,3
ALA,75,H5,Near,3
TYR,95,H5,Near,3
VAL,48,H5,Near,3
ALA,61,H5,Near,3
GLU,6,H5,Near,2
GLY,102,H5,Near,2
SER,55,H5,Near,2
ASN,74,H5,Near,2
THR,58,H5,Near,2
LEU,72,H5,Near,2
LYS,76,H5,Near,2
THR,78,H5,Near,2
VAL,79,H5,Near,2
TYR,60,H5,Near,2
ASP,62,H5,Near,2
TRP,36,H5,Near,2
ALA,49,H5,Near,2
THR,57,H5,Near,2
ARG,38,H5,Near,1
THR,91,H5,Near,1
ALA,92,H5,Near,1
TYR,94,H5,Near,1
GLY,118,H5,Near,1
THR,119,H5,Near,1
VAL,121,H5,Near,1
THR,122,H5,Near,1
ALA,40,H5,Near,1
PRO,41,H5,Near,1
GLY,42,H5,Near,1
LYS,43,H5,Near,1
LEU,93,H5,Near,1
VAL,69,IL4R,Direct,27
TYR,127,IL4R,Direct,27
ASP,67,IL4R,Direct,25
PHE,41,IL4R,Direct,24
ALA,71,IL4R,Direct,23
ASP,125,IL4R,Direct,22
LEU,39,IL4R,Direct,21
LEU,43,IL4R,Direct,21
SER,70,IL4R,Direct,21
ASP,72,IL4R,Direct,20
LEU,42,IL4R,Direct,19
ASN,126,IL4R,Direct,18
TYR,183,IL4R,Direct,18
VAL,68,IL4R,Direct,17
ASP,66,IL4R,Direct,13
HIS,131,IL4R,Direct,12
TYR,13,IL4R,Direct,10
PRO,124,IL4R,Direct,10
ASN,130,IL4R,Direct,9
ALA,182,IL4R,Direct,8
TYR,129,IL4R,Direct,7
VAL,40,IL4R,Direct,7
TYR,74,IL4R,Direct,6
MET,14,IL4R,Direct,3
PRO,123,IL4R,Direct,3
SER,44,IL4R,Direct,3
LEU,128,IL4R,Direct,2
CYS,182,IL4R,Direct,2
TYR,154,IL4R,Direct,2
ASN,73,IL4R,Direct,2
LYS,91,IL4R,Direct,2
GLN,181,IL4R,Direct,1
SER,93,IL4R,Direct,1
SER,15,IL4R,Direct,1
PRO,92,IL4R,Near,25
SER,44,IL4R,Near,24
MET,65,IL4R,Near,24
ASN,73,IL4R,Near,24
TYR,74,IL4R,Near,24
MET,14,IL4R,Near,22
LYS,91,IL4R,Near,22
SER,93,IL4R,Near,22
LEU,128,IL4R,Near,22
VAL,40,IL4R,Near,21
PRO,123,IL4R,Near,21
TYR,129,IL4R,Near,20
GLU,45,IL4R,Near,19
VAL,68,IL4R,Near,19
GLN,38,IL4R,Near,18
TYR,122,IL4R,Near,18
TYR,13,IL4R,Near,18
ASP,72,IL4R,Near,18
SER,15,IL4R,Near,17
VAL,96,IL4R,Near,17
PRO,124,IL4R,Near,17
ASP,66,IL4R,Near,15
ALA,180,IL4R,Near,14
GLN,181,IL4R,Near,12
ASN,126,IL4R,Near,12
LEU,132,IL4R,Near,11
ASN,184,IL4R,Near,11
HIS,47,IL4R,Near,11
THR,185,IL4R,Near,10
ASN,130,IL4R,Near,10
HIS,131,IL4R,Near,10
GLU,94,IL4R,Near,9
TYR,183,IL4R,Near,9
ALA,182,IL4R,Near,8
ASP,67,IL4R,Near,8
ASN,120,IL4R,Near,7
LEU,39,IL4R,Near,7
SER,70,IL4R,Near,7
ALA,71,IL4R,Near,7
LEU,155,IL4R,Near,6
LEU,42,IL4R,Near,6
LEU,43,IL4R,Near,5
ASP,12,IL4R,Near,4
TYR,154,IL4R,Near,4
THR,133,IL4R,Near,4
THR,75,IL4R,Near,4
ASP,125,IL4R,Near,4
CYS,182,IL4R,Near,3
SER,11,IL4R,Near,3
ILE,16,IL4R,Near,3
ARG,99,IL4R,Near,3
THR,153,IL4R,Near,2
TYR,37,IL4R,Near,2
LEU,64,IL4R,Near,2
PHE,90,IL4R,Near,2
PHE,41,IL4R,Near,2
TYR,134,IL4R,Near,1
ALA,46,IL4R,Near,1
SER,89,IL4R,Near,1
TRP,179,IL4R,Near,1
VAL,69,IL4R,Near,1
HIS,95,IL4R,Near,1
PRO,121,IL4R,Near,1
